{"duration_ms": [84844.875, 355961.875], "tempo": [48.685624999999995, 185.470625], "loudness": [-13.776124999999997, 0.700874999999999], "danceability": [0.2625000000000001, 1.0585], "energy": [0.17799999999999994, 1.242], "valence": [-0.22099999999999992, 1.2349999999999999], "speechiness": [-0.1015, 0.2785], "acousticness": [-0.36375, 0.64385], "instrumentalness": [-0.012284999999999999, 0.020475], "liveness": [-0.14, 0.4808], "mode": [-1.5, 2.5], "key": [-8.5, 19.5], "artist_avg_popularity": [-10.333333333333332, 91.0]}