{"duration_ms": [87673.0, 353975.0], "tempo": [48.97362499999999, 184.98462500000002], "loudness": [-13.703499999999998, 0.7084999999999999], "danceability": [0.2665000000000001, 1.0545], "energy": [0.18399999999999994, 1.24], "valence": [-0.22099999999999992, 1.2429999999999999], "speechiness": [-0.097, 0.271], "acousticness": [-0.35600000000000004, 0.6312], "instrumentalness": [-0.010125, 0.016875], "liveness": [-0.14199999999999996, 0.4836], "mode": [-1.5, 2.5], "key": [-8.5, 19.5]}